{"cameraMode":{"drawMode":0,"name":"Shaded","section":"Shading Mode"},"sceneLighting":true,"audioPlay":false,"sceneViewState":{"showFog":true,"showMaterialUpdate":false,"showSkybox":true,"showFlares":true,"showImageEffects":true,"showParticleSystems":true},"in2DMode":false,"pivot":{"x":638.3286743164063,"y":148.59031677246095,"z":173.9108123779297},"rotation":{"x":-0.13136695325374604,"y":0.7305758595466614,"z":-0.1468246579170227,"w":-0.6537986993789673},"size":-17.40093994140625,"orthographic":false}