{"cameraMode":{"drawMode":0,"name":"Shaded","section":"Shading Mode"},"sceneLighting":true,"audioPlay":false,"sceneViewState":{"showFog":true,"showMaterialUpdate":false,"showSkybox":true,"showFlares":true,"showImageEffects":true,"showParticleSystems":true},"in2DMode":false,"pivot":{"x":656.635009765625,"y":142.81771850585938,"z":237.52279663085938},"rotation":{"x":-0.2098333090543747,"y":0.5172737836837769,"z":-0.13254664838314057,"w":-0.8190465569496155},"size":390.10760498046877,"orthographic":false}