{"cameraMode":{"drawMode":0,"name":"Shaded","section":"Shading Mode"},"sceneLighting":false,"audioPlay":false,"sceneViewState":{"showFog":true,"showMaterialUpdate":false,"showSkybox":false,"showFlares":true,"showImageEffects":true,"showParticleSystems":true},"in2DMode":false,"pivot":{"x":0.24094092845916749,"y":0.7255374193191528,"z":-1.7977559566497803},"rotation":{"x":-0.16921530663967133,"y":-0.7151925563812256,"z":0.18551307916641236,"w":-0.6522663831710815},"size":0.9621253609657288,"orthographic":false}