{"cameraMode":{"drawMode":0,"name":"Shaded","section":"Shading Mode"},"sceneLighting":false,"audioPlay":false,"sceneViewState":{"showFog":true,"showMaterialUpdate":false,"showSkybox":false,"showFlares":true,"showImageEffects":true,"showParticleSystems":true},"in2DMode":false,"pivot":{"x":467.7890319824219,"y":-0.40919893980026247,"z":34.22335433959961},"rotation":{"x":-0.392852246761322,"y":0.3004758656024933,"z":-0.13757914304733277,"w":-0.8581736087799072},"size":5.200862407684326,"orthographic":false}