{"cameraMode":{"drawMode":0,"name":"Shaded","section":"Shading Mode"},"sceneLighting":false,"audioPlay":false,"sceneViewState":{"showFog":true,"showMaterialUpdate":true,"showSkybox":true,"showFlares":true,"showImageEffects":true,"showParticleSystems":true},"in2DMode":false,"pivot":{"x":296.0115661621094,"y":99.41572570800781,"z":-36.68950653076172},"rotation":{"x":0.21839936077594758,"y":0.48068270087242129,"z":-0.1251343935728073,"w":0.8400164842605591},"size":2.648735523223877,"orthographic":false}