{"cameraMode":{"drawMode":0,"name":"Shaded","section":"Shading Mode"},"sceneLighting":false,"audioPlay":false,"sceneViewState":{"showFog":true,"showMaterialUpdate":true,"showSkybox":false,"showFlares":true,"showImageEffects":true,"showParticleSystems":true},"in2DMode":false,"pivot":{"x":0.059529125690460208,"y":1.5168877840042115,"z":0.048305392265319827},"rotation":{"x":0.42632222175598147,"y":-0.10210274159908295,"z":0.048353493213653567,"w":0.8975061178207398},"size":2.0645718574523927,"orthographic":false}