{"cameraMode":{"drawMode":0,"name":"Shaded","section":"Shading Mode"},"sceneLighting":false,"audioPlay":false,"sceneViewState":{"showFog":true,"showMaterialUpdate":true,"showSkybox":false,"showFlares":true,"showImageEffects":true,"showParticleSystems":true},"in2DMode":false,"pivot":{"x":-0.45377278327941897,"y":2.531095027923584,"z":0.21569156646728517},"rotation":{"x":-0.23626957833766938,"y":-0.11721502989530564,"z":0.028718598186969758,"w":-0.9641898274421692},"size":3.1840667724609377,"orthographic":false}