{"cameraMode":{"drawMode":0,"name":"Shaded","section":"Shading Mode"},"sceneLighting":false,"audioPlay":false,"sceneViewState":{"showFog":true,"showMaterialUpdate":true,"showSkybox":true,"showFlares":true,"showImageEffects":true,"showParticleSystems":true},"in2DMode":false,"pivot":{"x":296.447509765625,"y":98.61058807373047,"z":-34.869232177734378},"rotation":{"x":0.30629682540893557,"y":-0.18340009450912476,"z":0.0601208470761776,"w":0.9321861863136292},"size":1.6515769958496094,"orthographic":false}