{"cameraMode":{"drawMode":0,"name":"Shaded","section":"Shading Mode"},"sceneLighting":false,"audioPlay":false,"sceneViewState":{"showFog":true,"showMaterialUpdate":true,"showSkybox":true,"showFlares":true,"showImageEffects":true,"showParticleSystems":true},"in2DMode":false,"pivot":{"x":295.630615234375,"y":99.55755615234375,"z":-34.6385383605957},"rotation":{"x":0.2123612016439438,"y":-0.24962645769119264,"z":0.056070659309625629,"w":0.9431247115135193},"size":2.877532720565796,"orthographic":false}