{"cameraMode":{"drawMode":0,"name":"Shaded","section":"Shading Mode"},"sceneLighting":false,"audioPlay":false,"sceneViewState":{"showFog":true,"showMaterialUpdate":true,"showSkybox":false,"showFlares":true,"showImageEffects":true,"showParticleSystems":true},"in2DMode":false,"pivot":{"x":0.24094092845916749,"y":0.7255374193191528,"z":-1.7977559566497803},"rotation":{"x":0.022738216444849969,"y":0.23694413900375367,"z":-0.005685682874172926,"w":0.9712550640106201},"size":0.9621253609657288,"orthographic":false}