{"cameraMode":{"drawMode":0,"name":"Shaded","section":"Shading Mode"},"sceneLighting":false,"audioPlay":false,"sceneViewState":{"showFog":true,"showMaterialUpdate":true,"showSkybox":true,"showFlares":true,"showImageEffects":true,"showParticleSystems":true},"in2DMode":false,"pivot":{"x":2.057774066925049,"y":0.5324499607086182,"z":10.771211624145508},"rotation":{"x":-0.17151586711406709,"y":-0.5604490637779236,"z":0.12009520828723908,"w":-0.8012998700141907},"size":12.403647422790528,"orthographic":false}