{"cameraMode":{"drawMode":0,"name":"Shaded","section":"Shading Mode"},"sceneLighting":false,"audioPlay":false,"sceneViewState":{"showFog":true,"showMaterialUpdate":true,"showSkybox":true,"showFlares":true,"showImageEffects":true,"showParticleSystems":true},"in2DMode":false,"pivot":{"x":2.566568613052368,"y":0.26968836784362795,"z":4.972047328948975},"rotation":{"x":-0.15891531109809876,"y":-0.6761354207992554,"z":0.1528385728597641,"w":-0.7030324339866638},"size":1.121530294418335,"orthographic":false}