{"cameraMode":{"drawMode":0,"name":"Shaded","section":"Shading Mode"},"sceneLighting":false,"audioPlay":false,"sceneViewState":{"showFog":true,"showMaterialUpdate":true,"showSkybox":false,"showFlares":true,"showImageEffects":true,"showParticleSystems":true},"in2DMode":false,"pivot":{"x":467.314697265625,"y":0.2503736913204193,"z":34.26979446411133},"rotation":{"x":-0.27648913860321047,"y":0.3446296751499176,"z":-0.10686082392930985,"w":-0.8907244801521301},"size":1.8821773529052735,"orthographic":false}