{"cameraMode":{"drawMode":0,"name":"Shaded","section":"Shading Mode"},"sceneLighting":false,"audioPlay":false,"sceneViewState":{"showFog":true,"showMaterialUpdate":true,"showSkybox":true,"showFlares":true,"showImageEffects":true,"showParticleSystems":true},"in2DMode":false,"pivot":{"x":293.95916748046877,"y":100.1998291015625,"z":-36.81078338623047},"rotation":{"x":0.1263888031244278,"y":0.21762031316757203,"z":-0.0285665113478899,"w":0.9674146771430969},"size":1.8621220588684083,"orthographic":false}