{"cameraMode":{"drawMode":0,"name":"Shaded","section":"Shading Mode"},"sceneLighting":false,"audioPlay":false,"sceneViewState":{"showFog":true,"showMaterialUpdate":true,"showSkybox":true,"showFlares":true,"showImageEffects":true,"showParticleSystems":true},"in2DMode":false,"pivot":{"x":17.479557037353517,"y":1.3911247253417969,"z":1.8109819889068604},"rotation":{"x":-0.22646187245845796,"y":0.3780606687068939,"z":-0.09580791741609574,"w":-0.8925420045852661},"size":2.7433979511260988,"orthographic":false}