{"cameraMode":{"drawMode":0,"name":"Shaded","section":"Shading Mode"},"sceneLighting":false,"audioPlay":false,"sceneViewState":{"showFog":true,"showMaterialUpdate":true,"showSkybox":false,"showFlares":true,"showImageEffects":true,"showParticleSystems":true},"in2DMode":false,"pivot":{"x":-53.69549560546875,"y":252.76998901367188,"z":117.35501098632813},"rotation":{"x":-0.1775105893611908,"y":-0.3260519206523895,"z":0.06247227266430855,"w":-0.9264484643936157},"size":9.53139877319336,"orthographic":false}