{"cameraMode":{"drawMode":0,"name":"Shaded","section":"Shading Mode"},"sceneLighting":false,"audioPlay":false,"sceneViewState":{"showFog":true,"showMaterialUpdate":true,"showSkybox":true,"showFlares":true,"showImageEffects":true,"showParticleSystems":true},"in2DMode":false,"pivot":{"x":426.6654052734375,"y":-35.520172119140628,"z":303.69580078125},"rotation":{"x":-0.2345588505268097,"y":-0.11674850434064865,"z":0.028453275561332704,"w":-0.9646555185317993},"size":99.75897979736328,"orthographic":false}