{"cameraMode":{"drawMode":0,"name":"Shaded","section":"Shading Mode"},"sceneLighting":false,"audioPlay":false,"sceneViewState":{"showFog":true,"showMaterialUpdate":true,"showSkybox":true,"showFlares":true,"showImageEffects":true,"showParticleSystems":true},"in2DMode":false,"pivot":{"x":443.6179504394531,"y":226.03062438964845,"z":73.60281372070313},"rotation":{"x":0.15480577945709229,"y":0.011132624000310898,"z":-0.0018698425265029073,"w":0.9878978729248047},"size":125.39479064941406,"orthographic":false}