{"cameraMode":{"drawMode":0,"name":"Shaded","section":"Shading Mode"},"sceneLighting":false,"audioPlay":false,"sceneViewState":{"showFog":true,"showMaterialUpdate":true,"showSkybox":true,"showFlares":true,"showImageEffects":true,"showParticleSystems":true},"in2DMode":false,"pivot":{"x":600.692138671875,"y":-440.00146484375,"z":714.1336059570313},"rotation":{"x":-0.2372366338968277,"y":-0.7299520373344421,"z":0.30801212787628176,"w":-0.5621613264083862},"size":672.7957153320313,"orthographic":false}