{"cameraMode":{"drawMode":0,"name":"Shaded","section":"Shading Mode"},"sceneLighting":false,"audioPlay":false,"sceneViewState":{"showFog":true,"showMaterialUpdate":true,"showSkybox":false,"showFlares":true,"showImageEffects":true,"showParticleSystems":true},"in2DMode":false,"pivot":{"x":467.8187255859375,"y":0.6541876792907715,"z":33.6636848449707},"rotation":{"x":-0.48633936047554018,"y":0.2873939573764801,"z":-0.17311976850032807,"w":-0.8068041205406189},"size":1.8821773529052735,"orthographic":false}