{"cameraMode":{"drawMode":0,"name":"Shaded","section":"Shading Mode"},"sceneLighting":false,"audioPlay":false,"sceneViewState":{"showFog":true,"showMaterialUpdate":true,"showSkybox":false,"showFlares":true,"showImageEffects":true,"showParticleSystems":true},"in2DMode":false,"pivot":{"x":-3.0547380447387697e-7,"y":0.051788508892059329,"z":0.2562011182308197},"rotation":{"x":-0.03206189349293709,"y":0.9652893543243408,"z":-0.1432330459356308,"w":-0.21605819463729859},"size":0.36854028701782229,"orthographic":false}