{"cameraMode":{"drawMode":0,"name":"Shaded","section":"Shading Mode"},"sceneLighting":false,"audioPlay":false,"sceneViewState":{"showFog":true,"showMaterialUpdate":true,"showSkybox":true,"showFlares":true,"showImageEffects":true,"showParticleSystems":true},"in2DMode":false,"pivot":{"x":295.8221740722656,"y":98.95806884765625,"z":-36.93650436401367},"rotation":{"x":0.2588958144187927,"y":0.48480933904647829,"z":-0.15298475325107575,"w":0.8213207721710205},"size":2.648735523223877,"orthographic":false}